l0,l1,l2,l3,project_name,program_name,program_address,twitter,
DeFi,DEX,AMM,CLMM,Orca,Whirlpool,whirLbMiicVdio4qvUfM5KAg6Ct8VwpYzGff3uctyCc,https://twitter.com/orca_so,
DeFi,DEX,AMM,,Orca,Orca Swap V2,9W959DqEETiGZocYWCQPaJ6sBmUzgfxXfqGeTEdp3aQP,https://twitter.com/orca_so,
DeFi,DEX,AMM,,Orca,Orca Swap,DjVE6JNiYqPL2QXyCUUh8rNjHrbz9hXHNYt99MQ59qw1,https://twitter.com/orca_so,
DeFi,Staking,Farm Staking,,Orca,Orca Aqua Farm,82yxjeMsvaURa4MbZZ7WZZHfobirZYkH1zF8fmeGtyaQ,https://twitter.com/orca_so,
DeFi,DEX,DEX Aggregator,,Jupiter,Jupiter V6,JUP6LkbZbjS1jKKwapdHNy74zcZ3tLUZoi5QNyVTaV4,https://twitter.com/JupiterExchange,
DeFi,DEX,DEX Aggregator,,Jupiter,Jupiter V5.2,JUP5cHjnnCx2DppVsufsLrXs8EBZeEZzGtEK9Gdz6ow,https://twitter.com/JupiterExchange,
DeFi,DEX,DEX Aggregator,,Jupiter,Jupiter V5.1,JUP5pEAZeHdHrLxh5UCwAbpjGwYKKoquCpda2hfP4u8,https://twitter.com/JupiterExchange,
DeFi,DEX,DEX Aggregator,,Jupiter,Jupiter V4,JUP4Fb2cqiRUcaTHdrPC8h2gNsA2ETXiPDD33WcGuJB,https://twitter.com/JupiterExchange,
DeFi,DEX,DEX Aggregator,,Jupiter,Jupiter V3,JUP3c2Uh3WA4Ng34tw6kPd2G4C5BB21Xo36Je1s32Ph,https://twitter.com/JupiterExchange,
DeFi,DEX,DEX Aggregator,,Jupiter,Jupiter V2,JUP2jxvXaqu7NQY1GmNF4m1vodw12LVXYxbFL2uJvfo,https://twitter.com/JupiterExchange,
DeFi,DEX,DEX Aggregator,,Jupiter,Jupiter V1,JUP6i4ozu5ydDCnLiMogSckDPpbtr7BJ4FtzYWkb5Rk,https://twitter.com/JupiterExchange,
DeFi,Derivatives,Perpetual,,Jupiter,Jupiter Perpetual,PERPHjGBqRHArX4DySjwM6UJHiR3sWAatqfdBS2qQJu,https://twitter.com/JupiterExchange,
DeFi,Airdrop,,,Jupiter,Jupiter Wen Airdrop,meRjbQXFNf5En86FXT2YPz1dQzLj4Yb3xK8u1MVgqpb,https://twitter.com/JupiterExchange,
DeFi,Derivatives,Perpetual,,PopFi,PopFi,AfjPnJz75bJiMKYeManVmPVQEGNcSaj9KeF6c5tncQEa,https://twitter.com/PopFi_io,
DeFi,DEX,Limit Order,,Jupiter,Jupiter Limit Order,jupoNjAxXgZ4rjzxzPMP4oxduvQsQtZzyknqvzYNrNu,https://twitter.com/JupiterExchange,
DeFi,DEX,,,Jupiter,Jupiter DCA,DCA265Vj8a9CEuX1eb1LWRnDT7uK6q1xMipnNyatn23M,https://twitter.com/JupiterExchange,
DeFi,DEX,AMM,CLMM,Raydium,Raydium CLMM,CAMMCzo5YL8w4VFF8KVHrK22GGUsp5VTaW7grrKgrWqK,https://twitter.com/RaydiumProtocol,
DeFi,DEX,AMM,,Raydium,Raydium V4,675kPX9MHTjS2zt1qfr1NYHuzeLXfQM9H24wFSUt1Mp8,https://twitter.com/RaydiumProtocol,
DeFi,Staking,Farm Staking,,Raydium,FarmV3,EhhTKczWMGQt46ynNeRX1WfeagwwJd7ufHvCDjRxjo5Q,https://twitter.com/RaydiumProtocol,
DeFi,Staking,Farm Staking,,Raydium,FarmV5,9KEPoZmtHUrBbhWN1v1KWLMkkvwY6WLtAVUCPRtRjP4z,https://twitter.com/RaydiumProtocol,
DeFi,Staking,Farm Staking,,Raydium,FarmV6,FarmqiPv5eAj3j1GMdMCMUGXqPUvmquZtMy86QH6rzhG,https://twitter.com/RaydiumProtocol,
DeFi,DEX,AMM,,Raydium,Raydium AMM Route,routeUGWgWzqBWFcrCfv8tritsqukccJPu3q5GPP3xS,https://twitter.com/RaydiumProtocol,
DeFi,DEX,AMM,,Raydium,Raydium Liquidity Pool,5quBtoiQqxF9Jv6KYKctB59NT3gtJD2Y65kdnB1Uev3h,https://twitter.com/RaydiumProtocol,
DeFi,DEX,CLOB,On Chain,Serum,Serum DEX ALT V1,4ckmDgGdxQoPDLUkDT3vHgSAkzA3QRdNq5ywwY4sUSJn,,
DeFi,DEX,CLOB,On Chain,Serum,Serum DEX V1,BJ3jrUzddfuSrZHXSCxMUUQsjKEyLmuuyZebkcaFp2fg,,
DeFi,DEX,CLOB,On Chain,Serum,Serum DEX V2,EUqojwWA2rd19FZrzeBncJsm38Jm1hEhE3zsmX3bRc2o,,
DeFi,DEX,CLOB,On Chain,Serum,Serum DEX V3,9xQeWvG816bUx9EPjHmaT23yvVM2ZWbrrpZb9PusVFin,,
DeFi,DEX,,On Chain,Serum,Serum Swap,22Y43yTVxuUkoRKdm9thyRhQ3SdgQS7c7kB6UNCiaczD,,
DeFi,DEX,CLOB,On Chain,OpenBook,OpenBook,srmqPvymJeFKQ4zGQed1GFppgkRHL9kaELCbyksJtPX,https://twitter.com/openbookdex,
DeFi,DEX,CLOB,On Chain,OpenBook,OpenBook V2,opnb2LAfJYbRMAHHvqjCwQxanZn7ReEHp1k81EohpZb,https://twitter.com/openbookdex,
DeFi,DEX,CLOB,On Chain,OpenBook,OpenBook Twap,TWAPrdhADy2aTKN5iFZtNnkQYXERD9NvKjPFVPMSCNN,https://twitter.com/openbookdex,
DeFi,DEX,AMM,CLMM,Lifinity,Lifinity V1,EewxydAPCCVuNEyrVN68PuSYdQ7wKn27V9Gjeoi8dy3S,https://twitter.com/Lifinity_io,
DeFi,DEX,AMM,CLMM,Lifinity,Lifinity V2,2wT8Yq49kHgDzXuPxZSaeLaH1qbmGXtEyPy64bL7aD3c,https://twitter.com/Lifinity_io,
DeFi,DEX,RAMM,,Aldrin,Aldrin V1,AMM55ShdkoGRB5jVYPjWziwk8m5MpwyDgsMWHaMSQWH6,https://twitter.com/aldrin_labs,
DeFi,DEX,RAMM,,Aldrin,Aldrin V2,CURVGoZn8zycx6FXwwevgBTB2gVvdbGTEpvMJDbgs2t4,https://twitter.com/aldrin_labs,
DeFi,Asset Management,,,Symmetry,Symmetry Swap,2KehYt3KsEQR53jYcxjbQp2d2kCp4AkuQW68atufRwSr,https://twitter.com/symmetry_fi,
DeFi,DEX,AMM,,Stepn,Stepn,Dooar9JkhdZ7J3LHN3A7YCuoGRUggXhQaG4kijfLGU2j,https://twitter.com/Stepnofficial,
DeFi,DEX,AMM,,Saros Finance,Saros,SSwapUtytfBdBn1b9NUGG6foMVPtcWgpRU32HToDUZr,https://twitter.com/SarosInsights,
DeFi,DEX,AMM,,Saros Finance,Saros Farm,SFarmWM5wLFNEw1q5ofqL7CrwBMwdcqQgK6oQuoBGZ,https://twitter.com/SarosInsights,
DeFi,DEX,AMM,,Bonk,Bonk Swap,BSwp6bEBihVLdqJRKGgzjcGLHkcTuzmSo1TQkHepzH8p,https://twitter.com/Bonkswap_io,
DeFi,DEX,AMM,,FluxBeam,FluxBeam,FLUXubRmkEi2q6K3Y9kBPg9248ggaZVsoSFhtJHSrm1X,https://twitter.com/FluxBeamDEX,
DeFi,DEX,AMM,,Helium Network,Tresury mangement,treaf4wWBBty3fHdyBpo35Mz84M8k3heKXmjmi9vFt5,https://twitter.com/helium,
DePIN,,,,Helium Network,Lazy Distributor,1azyuavdMyvsivtNxPoz6SucD18eDHeXzFCUPq5XU7w,https://twitter.com/helium,
DePIN,,,,Helium Network,Reward Oracle,rorcfdX4h9m9swCKgcypaHJ8NGYVANBpmV9EHn3cYrF,https://twitter.com/helium,
DePIN,,,,Helium Network,Circuit Breaker,circAbx64bbsscPbQzZAUvuXpHqrCe6fLMzc2uKXz9g,https://twitter.com/helium,
DePIN,,,,Helium Network,Data Credits,credMBJhYFzfn7NxBMdU4aUqFggAjgztaCcv2Fo6fPT,https://twitter.com/helium,
DePIN,,,,Helium Network,Entity Manager,hemjuPXBpNvggtaUnN1MwT3wrdhttKEfosTcc2P9Pg8,https://twitter.com/helium,
DePIN,,,,Helium Network,Lazy Txns,1atrmQs3eq1N2FEYWu6tyTXbCjP4uQwExpjtnhXtS8h,https://twitter.com/helium,
DePIN,,,,Helium Network,Voter Stake Registry,hvsrNC3NKbcryqDs2DocYHZ9yPKEVzdSjQG6RVtK1s8,https://twitter.com/helium,
DePIN,,,,Helium Network,Price Oracle,porcSnvH9pvcYPmQ65Y8qcZSRxQBiBBQX7UV5nmBegy,https://twitter.com/helium,
DePIN,,,,Helium Network,Sub Dao,hdaoVTCqhfHHo75XdAMxBKdUqvq1i5bF23sisBqVgGR,https://twitter.com/helium,
DePIN,,,,Helium Network,Mobile Entity Manager,memMa1HG4odAFmUbGWfPwS1WWfK95k99F2YTkGvyxZr,https://twitter.com/helium,
DePIN,,,,Helium Network,Fanout,fanqeMu3fw8R4LwKNbahPtYXJsyLL6NXyfe2BqzhfB6,https://twitter.com/helium,
DeFi,DEX,AMM,LaaS,Penguin Finance,Penguin Swap,PSwapMdSai8tjrEXcxFeQth87xC4rRsa4VA5mhGhXkP,https://twitter.com/png_fi,
DeFi,DEX,AMM,,Cropper Finance,Cropper,CTMAxxk34HjKWxQ3QLZK1HpaLXmBveao3ESePXbiyfzh,https://twitter.com/CropperFinance,
DeFi,DEX,AMM,CLMM,Cykura,Cykura Swap,cysPXAjehMpVKUapzbMCCnpFxUFFryEWEaLgnb9NrR8,https://twitter.com/cykurafi,
DeFi,DEX,AMM,,Saber,Saber Swap,SSwpkEEcbUqx4vtoEByFjSkhKdCT862DNVb52nZg1UZ,https://twitter.com/Saber_HQ,
DeFi,DEX,AMM,,Saber,Saber Mint,UBEBk5idELqykEEaycYtQ7iBVrCg6NmvFSzMpdr22mL,https://twitter.com/Saber_HQ,
DeFi,DEX,CLOB,,Ellipsis Labs,Phoenix,PhoeNiXZ8ByJGLkxNfZRnkUfjvmuYqLR89jjFHGqdXY,https://twitter.com/ellipsis_labs,
DeFi,DEX,CLOB,,Ellipsis Labs,Phoenix Seat Manager,PSMxQbAoDWDbvd9ezQJgARyq6R9L5kJAasaLDVcZwf1,https://twitter.com/ellipsis_labs,
DeFi,Liquidity,,,Meteora,Meteora Pools,Eo7WjKq67rjJQSZxS6z3YkapzY3eMj6Xy8X5EQVn5UaB,https://twitter.com/MeteoraAG,
DeFi,DEX,AMM,CLMM,Invariant,Invariant Swap,HyaB3W9q6XdA5xwpU4XnSZV94htfmbmqJXZcEbRaJutt,https://twitter.com/invariant_labs,
DeFi,Staking,Liquid Staking,,Marinade Finance,Marinade Finance,MarBmsSgKXdrN1egZf5sqe1TMai9K1rChYNDJgjq7aD,https://twitter.com/MarinadeFinance,
DeFi,Staking,Liquid Staking,,Marinade Finance,Marinade Staking,MR2LqxoSbw831bNy68utpu5n4YqBH3AzDmddkgk9LQv,https://twitter.com/MarinadeFinance,
DeFi,Staking,Liquid Staking,,Marinade Finance,Marinade Native Proxy,mnspJQyF1KdDEs5c6YJPocYdY1esBgVQFufM2dY9oDk,https://twitter.com/MarinadeFinance,
DeFi,Staking,,,Sanctum,Stake Pool Program,SP12tWFxD9oJsVWNavTTBZvMbA6gkAmxtVgxdqvyvhY,https://twitter.com/sanctumso,
DeFi,DEX,AMM,CLMM,Crema Finance,Crema,CLMM9tUoggJu2wagPkkqs9eFG4BWhVBZWkP1qv3Sp7tR,https://twitter.com/Crema_Finance,
DeFi,DEX,AMM,,Unstake It,Unstake It,stkitrT1Uoy18Dk1fTrgPw8W6MVzoCfYoAFT4MLsmhq,https://twitter.com/unstakeit,
DeFi,DEX,AMM,,Mercurial Finance,Mercurial Stable Swap,MERLuDFBMmsHnsBPZw2sDQZHvXFMwp8EdjudcU2HKky,https://twitter.com/MeteoraAG,
DeFi,DEX,AMM,,Mercurial Finance,Mercurial Vault,6YRZW57XsrT2DxSNLXHHQd4QmiqBode4d6btASkRqcFo,https://twitter.com/MeteoraAG,
DeFi,DEX,AMM,,Step Finance,Step Finance Swap,SSwpMgqNDsyV7mAgN9ady4bDVu5ySjmmXejXvy2vLt1,https://twitter.com/StepFinance_,
DeFi,DEX,AMM,,Sencha,Sencha,SCHAtsf8mbjyjiv4LkhLKutTf6JnZAbdJKFkXQNMFHZ,https://twitter.com/SenchaDEX,
DeFi,DEX,AMM,,GooseFX,GooseFX V2,GFXsSL5sSaDfNFQUYsHekbWBW1TsFdjDYzACh62tEHxn,https://twitter.com/GooseFX1,
DeFi,DEX,AMM,,GooseFX,GooseFX,7WduLbRfYhTJktjLw5FDEyrqoEv61aTTCuGAetgLjzN5,https://twitter.com/GooseFX1,
DeFi,DEX,,,GooseFX,GooseFX V1,BjpU1ACJY2bFj7aVTiMJLhM7H1ePxwkfDhjyY9dW9dbo,https://twitter.com/GooseFX1,
DeFi,DEX,,,GooseFX,GooseFX Stake rewards,STKRWxT4irmTthSJydggspWmkc3ovYHx62DHLPVv1f1,https://twitter.com/GooseFX1,
DeFi,DEX,AMM,,Saber,Saber Decimal Wrapper,DecZY86MU5Gj7kppfUCEmd4LbXXuyZH1yHaP2NTqdiZB,https://twitter.com/Saber_HQ,
DeFi,DEX,AMM,,Balansol,Balansol Balancer,D3BBjqUdCYuP18fNvvMbPAZ8DpcRi4io2EsYHQawJDag,https://twitter.com/0xbalansol?lang=en,
DeFi,DEX,,,Mango Markets,Mango V3,mv3ekLzLbnVPNxjSKvqBpU3ZeZXPQdEC3bp5MDEBG68,https://twitter.com/mangomarkets,
DeFi,DEX,,,Mango Markets,Mango V4,4MangoMjqJ2firMokCjjGgoK8d4MXcrgL7XJaL3w6fVg,https://twitter.com/mangomarkets,
DeFi,DEX,,,Mango Markets,Mango Boost,zF2vSz6V9g1YHGmfrzsY497NJzbRr84QUrPry4bLQ25,https://twitter.com/mangomarkets,
DeFi,Derivatives,Perpetual,,Drift Protocol,Drift V2,dRiftyHA39MWEi3m9aunc5MzRF1JYuBsbn6VPcn33UH,https://twitter.com/DriftProtocol,
DeFi,Derivatives,Perpetual,,Drift Protocol,Drift Vault,vAuLTsyrvSfZRuRB3XgvkPwNGgYSs9YRYymVebLKoxR,https://twitter.com/DriftProtocol,
DeFi,Derivatives,Perpetual,,Flash Trade,Flash Perpetuals,FLASH6Lo6h3iasJKWDs2F8TkW2UKf3s15C8PMGuVfgBn,https://twitter.com/FlashTrade_,
DeFi,Derivatives,Perpetual,,Drift Protocol,Drift Competitions,DraWMeQX9LfzQQSYoeBwHAgM5JcqFkgrX7GbTfjzVMVL,https://twitter.com/DriftProtocol,
DeFi,Derivatives,Perpetual,,Cypher,Cypher,CYPH3o83JX6jY6NkbproSpdmQ5VWJtxjfJ5P8veyYVu3,https://twitter.com/cypher_protocol,
DeFi,Derivatives,Perpetual,,HXRO Network,Parimutuel,GUhB2ohrfqWspztgCrQpAmeVFBWmnWYhPcZuwY52WWRe,https://twitter.com/HxroNetwork,
DeFi,Derivatives,Options,,Zeta Markets,Zeta V1,ZETAxsqBRek56DhiGXrn75yj2NHU3aYUnxvHXpkf3aD,https://twitter.com/ZetaMarkets,
DeFi,Derivatives,Options,,Zeta Markets,Zeta Serum,zDEXqXEG7gAyxb1Kg9mK5fPnUdENCGKzWrM21RMdWRq,https://twitter.com/ZetaMarkets,
DeFi,Lending,,,Solend Protocol,Solend,So1endDq2YkqhipRh3WViPa8hdiSpxWy6z3Z6tMCpAo,https://twitter.com/solendprotocol,
DeFi,Lending,,,Marginfi,Marginifi V2,MFv2hWf31Z9kbCa1snEPYctwafyhdvnV7FZnsebVacA,https://twitter.com/marginfi,
DeFi,Lending,,,Larix,Larix,7Zb1bGi32pfsrBkzWdqd4dFhUXwp5Nybr1zuaEwN34hy,https://twitter.com/ProjectLarix,
DeFi,Lending,,,Kamino Finance,Kamino Lending,KLend2g3cP87fffoy8q1mQqGKjrxjC8boSyAYavgmjD,https://twitter.com/kamino_finance,
DeFi,Yield Farming,,,Kamino Finance,Kamino Farms,FarmsPZpWu9i7Kky8tPN37rs2TpmMrAZrC7S7vJa91Hr,https://twitter.com/kamino_finance,
DeFi,,,,Kamino Finance,Kamino Staging,SKY3EZaE5p8iXG1ed4kiandK1wnwwqxmWBhjEFykaHB,https://twitter.com/kamino_finance,
DeFi,Lending,,,Flexlend,Flexlend,FL3X2pRsQ9zHENpZSKDRREtccwJuei8yg9fwDu9UN69Q,https://twitter.com/flexlend,
DeFi,DEX,AMM,,SPL,Swap Program,SwaPpA9LAaLfeLi3a68M4DjnLqgtticKg6CnyNwgAC8,,
DeFi,Staking,,,SPL,Stake Pool Program,SPoo1Ku8WFXoNDMHPsrGSTSG1Y47rzgn41SLUNakuHy,,
DeFi,Staking,,,SPL,Native Stake,Stake11111111111111111111111111111111111111,,
DeFi,Staking,,,SPL,SPL Token Stake,STAKEkKzbdeKkqzKpLkNQD3SUuLgshDKCD7U8duxAbB,,
DeFi,Staking,,,SPL,SPL Token Unstake,unpXTU2Ndrc7WWNyEhQWe4udTzSibLPi25SXv2xbCHQ,,
DeFi,Staking,Liquid Staking,,Jito labs,Tip Payment,T1pyyaTNZsKv2WcRAB8oVnk93mLJw2XzjtVYqCsaHqt,https://twitter.com/jito_labs,
DeFi,Staking,Liquid Staking,,Jito labs,Tip Distribution,4R3gSG8BpU4t19KYj8CfnbtRpnT8gtk4dvTHxVRwc2r7,https://twitter.com/jito_labs,
DeFi,Staking,Liquid Staking,,Jito labs,Merkle Distributor,mERKcfxMC5SqJn4Ld4BUris3WKZZ1ojjWJ3A3J5CKxv,https://twitter.com/jito_labs,
DeFi,Liquidity,,,Quarry,Quarry Protocol,QMNeHCGYnLVDn1icRAfQZpjPLBNkfGbSKRB83G5d8KB,,
DeFi,Liquidity,,,Quarry,Quarry Mint wrapper,QMWoBmAyJLAsA1Lh9ugMTw2gciTihncciphzdNzdZYV,,
DeFi,Liquidity,,,Quarry,Quarry Operator,QoP6NfrQbaGnccXQrMLUkog2tQZ4C1RFgJcwDnT8Kmz,,
DeFi,Liquidity,,,Kamino Finance,Kamino Program,6LtLpnUFNByNXLyCoK9wA2MykKAmQNZKBdY8s47dehDc,https://twitter.com/kamino_finance,
DeFi,Farming,,,Meteora,Meteor Farming,FarmuwXPWXvefWUeqFAa5w6rifLkq5X6E8bimYvrhCB1,https://twitter.com/MeteoraAG,
DeFi,DEX,AMM,DLMM,Meteora,Meteora DLMM,LBUZKhRxPF3XUpBCjp4YzTKgLccjZhTSDM9YuVaPwxo,https://twitter.com/MeteoraAG,
DeFi,DEX,AMM,,Meteora,Meteora Vault,24Uqj9JCLxUeoC3hGfh5W3s9FM9uCHDS2SG3LYwBpyTi,https://twitter.com/MeteoraAG,
DeFi,Liquidity,,,Atrix Fiance,Atrix Farming,BLDDrex4ZSWBgPYaaH6CQCzkJXWfzCiiur9cSFJT8t3x,https://twitter.com/AtrixProtocol,
DeFi,Asset Management,,,Squads,Squads V3,SMPLecH534NA9acpos4G6x7uf3LWbCAwZQE9e8ZekMu,https://twitter.com/SquadsProtocol,
DeFi,Asset Management,,,Squads,Squads Txmeta,SMPL5bz5ERMdweouWrXtk3jmb6FnjZkWf7pHDsE6Zwz,https://twitter.com/SquadsProtocol,
DeFi,Asset Management,,,Squads,Squads V4,SQDS4ep65T869zMMBKyuUq6aD6EgTu8psMjkvj52pCf,https://twitter.com/SquadsProtocol,
DeFi,Staking,,,Famous Fox Federation,Foxy Missions,6NcdQ5WTnrPoMLbP4kvpLYa4YSwKqkNHRRE8XVf5hmv9,https://twitter.com/FamousFoxFed,
DeFi,Liquidity,,,Hubble Protocol,Hubble Borrow,HubbLeXBb7qyLHt3x7gvYaRrxQmmgExb7fCJgDqFuB6T,https://twitter.com/hubbleprotocol,
DeFi,Lending,,,PsyFi,Psy Lending,PLENDj46Y4hhqitNV2WqLqGLrWKAaH2xJHm2UyHgJLY,https://twitter.com/PsyOptions,
DeFi,Prediction Markets,,,Famous Fox Federation,Foxy Coinflip,72D3En8GQycjtunxf9mgyR8onzYdPqYFsKp4myUzhaRZ,https://twitter.com/FamousFoxFed,
DeFi,Staking,,,Slow Protocol,Slow Protocol,s1owa2k7P2kkLEenZPKuGddWMVpy8Pt2oMVeBdtSHM6,https://twitter.com/slowprotocol,
DeFi,,,,Famous Fox Federation,Foxy Token Market,8BYmYs3zsBhftNELJdiKsCN2WyCBbrTwXd6WG4AFPr6n,https://twitter.com/FamousFoxFed,
DeFi,Staking,Liquid Staking,,Lido Finance,Lido Program,CrX7kMhLC3cSsXJdT7JDgqrRVWGnUpX3gfEfxxU2NVLi,https://twitter.com/LidoFinance,
DeFi,Lending,,,Francium,Francium Lending,FC81tbGt6JWRXidaWYFXxGnTk4VgobhJHATvTRVMqgWj,https://twitter.com/Francium_Defi,
DeFi,DEX,AMM,,Marco Polo,Marco Polo,9tKE7Mbmj4mxDjWatikzGAtkoWosiiZX9y6J4Hfm2R8H,,
NFT,NFT Lending,,,Frakt,Frakt Bonds,4tdmkuY6EStxbS6Y8s5ueznL3VPMSugrvQuDeAHGZhSt,https://twitter.com/FRAKT_HQ,
NFT,Raffle,,,Frakt,Frakt Raffle,raffyhEJMx59iDx778Y9gdaVcP2XDeusPcPBxwr3qAH,https://twitter.com/FRAKT_HQ,
NFT,NFT Lending,,,Frakt,Frakt Lending,A66HabVL3DzNzeJgcHYtRRNW1ZRMKwBfrdSR4kLsZ9DJ,https://twitter.com/FRAKT_HQ,
NFT,NFT Lending,,,Frakt,Frakt Market Registry,regNrR9XpXkg6VCZXEyTwCGVETwKpZMtQxYx3zResJh,https://twitter.com/FRAKT_HQ,
NFT,NFT Lending,,,Frakt,Cross token AMM,AFnufgr188AiEMFji3D5GkB8vNyZybxC8PfcuD1wrfwA,https://twitter.com/FRAKT_HQ,
NFT,NFT Lending,,,Frakt,Bond Validation,41eQiufrrjD5WXR7A39qsmQACYgHpNEdAUsaCmuhT439,https://twitter.com/FRAKT_HQ,
NFT,NFT Lending,,,Sharky,Sharky,SHARKobtfF1bHhxD2eqftjHBdVSCbKo9JtgK71FhELP,https://twitter.com/SharkyFi,
NFT,NFT Lending,,,RainFi,RainFi,RainEraPU5yDoJmTrHdYynK9739GkEfDsE4ffqce2BR,https://twitter.com/rainfi_,
NFT,NFT Lending,,,Famous Fox Federation,Citrus,JCFRaPv7852ESRwJJGRy2mysUMydXZgVVhrMLmExvmVp,https://twitter.com/FamousFoxFed,
NFT,Staking,,,Famous Fox Federation,Foxy Stake,FoXpJL1exLBJgHVvdSHNKyKu2xX2uatctH9qp6dLmfpP,https://twitter.com/FamousFoxFed,
NFT,Raffle,,,Famous Fox Federation,Foxy Raffle,9ehXDD5bnhSpFVRf99veikjgq8VajtRH7e3D9aVPLqYd,https://twitter.com/FamousFoxFed,
NFT,Marketplace,,,Magic Eden,MAGIC EDEN V2,M2mx93ekt1fmXSVkTrUL9xVFHkmME8HTUi5Cyc5aF7K,https://twitter.com/MagicEden,
NFT,Marketplace,,,Magic Eden,Magic Eden Global Bid,mmm3XBJg5gk8XJxEKBvdgptZz6SgK4tXvn36sodowMc,https://twitter.com/MagicEden,
NFT,Marketplace,,,Magic Eden,Magic Eden OCP,ocp4vWUzA2z2XMYJ3QhM9vWdyoyoQwAFJhRdVTbvo9E,https://twitter.com/MagicEden,
NFT,Marketplace,,,Magic Eden,Magic Eden CMT,CMTQqjzH6Anr9XcPVt73EFDTjWkJWPzH7H6DtvhHcyzV,https://twitter.com/MagicEden,
NFT,Marketplace,,,Alpha Art,Alpha Art,HZaWndaNWHFDd9Dhk5pqUUtsmoBCqzb1MLu3NAh1VX6B,https://twitter.com/MagicEden,
NFT,Marketplace,,,Magic Eden,MAGIC EDEN V1,MEisE1HzehtrDpAAT8PnLHjpSSkRYakotTuJRPjTpo8,https://twitter.com/MagicEden,
NFT,Marketplace,,,Hadeswap,Hadeswap,hadeK9DLv9eA7ya5KCTqSvSvRZeJC3JgD5a9Y3CNbvu,https://twitter.com/hadeswap/,
NFT,Marketplace,,,Coral Cube,Coral Cube,6U2LkBQ6Bqd1VFt7H76343vpSwS5Tb1rNyXSNnjkf9VL,https://twitter.com/MagicEden,
NFT,Marketplace,,,Yaww,Yaww,5SKmrbAxnHV2sgqyDXkGrLrokZYtWWVEEk5Soed7VLVN,https://twitter.com/YawwwNFT,
NFT,Marketplace,,,Exchange Art,Exchange Art Instant Sale,AmK5g2XcyptVLCFESBCJqoSfwV3znGoVYQnqEnaAZKWn,https://twitter.com/exchgART,
NFT,Marketplace,,,Exchange Art,Exchange Art Mint,EXBuYPNgBUXMTsjCbezENRUtFQzjUNZxvPGTd11Pznk5,https://twitter.com/exchgART,
NFT,Marketplace,,,Exchange Art,Exchange Art Auction,exAuvFHqXXbiLrM4ce9m1icwuSyXytRnfBkajukDFuB,https://twitter.com/exchgART,
NFT,Marketplace,,,Exchange Art,Exchange Art Offer,exofLDXJoFji4Qyf9jSAH59J4pp82UT5pmGgR6iT24Z,https://twitter.com/exchgART,
NFT,Marketplace,,,Opensea,Opensea,3o9d13qUvEuuauhFrVom1vuCzgNsJifeaBYDPquaT73Y,https://twitter.com/opensea,
NFT,Marketplace,,,Solsea,Solsea V1,617jbWo616ggkDxvW1Le8pV38XLbVSyWY8ae6QUmGBAU,https://twitter.com/SolSeaNFT,
NFT,Marketplace,,,Solsea,Solsea V2,AARTcKUzLYaWmK7D1otgyAoFn5vQqBiTrxjwrvjvsVJa,https://twitter.com/SolSeaNFT,
NFT,Marketplace,NFT Aggregator,,Hyperspace,Hyperspace,HYPERfwdTjyJ2SCaKHmpF2MtrXqWxrsotYDsTrshHWq8,https://twitter.com/hyperspacexyz,
NFT,Marketplace,,,Solanart,Solanart,CJsLwbP1iu5DuUikHEJnLfANgKy6stB2uFgvBBHoyxwz,https://twitter.com/SolanartNFT,
NFT,Marketplace,,,Digital Eye,Digital Eye,A7p8451ktDCHq5yYaHczeLMYsjRsAkzc3hCXcSrwYHU7,,
NFT,Marketplace,,,Tensor,Tensor Swap,TSWAPaqyCSx2KABk68Shruf4rp7CxcNi8hAsbdwmHbN,https://twitter.com/tensor_hq,
NFT,Marketplace,,Compressed NFT,Tensor,Tensor cNFT,TCMPhJdwDryooaGtiocG1u3xcYbRpiJzb283XfCZsDp,https://twitter.com/tensor_hq,
NFT,Marketplace,,Compressed NFT,Tensor,Tensor Whitelist,TL1ST2iRBzuGTqLn1KXnGdSnEow62BzPnGiqyRXhWtW,https://twitter.com/tensor_hq,
NFT,Marketplace,,,Metaplex,Metaplex Auction House,hausS13jsjafwWwGqZTUQRmWyvyxn9EQpqMwV1PBBmk,https://twitter.com/metaplex,
NFT,Marketplace,,,Solport,Solport,SPf5WqNywtPrRXSU5enq5z9bPPhREaSYf2LhN5fUxcj,https://twitter.com/solportio,
NFT,Marketplace,,,Rarible,Rarible,raria47jXd4tdW6Dj7T64mgahwTjMsVaDwFxMHt9Jbp,https://twitter.com/rarible,
NFT,Marketplace,,,Holaplex,Holaplex,9SvsTjqk3YoicaYnC4VW1f8QAN9ku7QCCk6AyfUdzc9t,https://twitter.com/holaplex,
NFT,Marketplace,,,Elixir,Elixir V2,E1XRkj9fPF2NQUdoq41AHPqwMDHykYfn5PzBXAyDs7Be,https://twitter.com/ElixirProtocol,
NFT,Primary Mint,Launchpad,,Magic Eden,Magic Eden Launchpad V2,CMZYPASGWeTz7RNGHaRJfCq2XQ5pYK6nDvVQxzkH51zb,https://twitter.com/MagicEden,
NFT,Primary Mint,Launchpad,,Magic Eden,Magic Eden Launchpad V1,CMY8R8yghKfFnHKCWjzrArUpYH4PbJ56aWBr4kCP4DMk,https://twitter.com/MagicEden,
NFT,Primary Mint,Launchpad,,LMNFT,LMNFT,ArAA6CZC123yMJLUe4uisBEgvfuw2WEvex9iFmFCYiXv,https://twitter.com/LaunchMyNFT,
NFT,Primary Mint,Launchpad,,Bifrost,Bifrost Launchpad,BFCMkgg9eFSv54HKJZFD5RMG8kNR5eMAEWnAtfRTPCjU,,
NFT,Primary Mint,Launchpad,,Elixir,Elixir Launchpad V1,1NCHWmQ39XfQuRLgGihckNKXcm9LXbq5EnPVwPptLWy,https://twitter.com/ElixirProtocol,
NFT,Primary Mint,Launchpad,,Elixir,Elixir Launchpad V2,PADWBS1VeV1LWsY6nciu6dRZjgSmUH2iPsUpHFVz7Wz,https://twitter.com/ElixirProtocol,
NFT,Primary Mint,,,Metaplex,Candy Machine V1,cndyAnrLdpjq1Ssp1z8xxDsB8dxe7u4HL5Nxi2K5WXZ,https://twitter.com/metaplex,
NFT,Primary Mint,,,Metaplex,Candy Machine V2,cndy3Z4yapfJBmL3ShUp5exZKqR3z33thTzeNMm2gRZ,https://twitter.com/metaplex,
NFT,Primary Mint,,,Metaplex,Candy Machine V3,CndyV3LdqHUfDLmE5naZjVN8rBZz4tqhdefbAnjHG3JR,https://twitter.com/metaplex,
NFT,Primary Mint,,Compressed NFT,Metaplex,Bubblegum,BGUMAp9Gq7iTEuizy4pqaxsTyUCBK68MDfK752saRPUY,https://twitter.com/metaplex,
NFT,Airdrop,,,Metaplex,Gumdrop,gdrpGjVffourzkdDRrQmySw4aTHr8a3xmQzzxSwFD1a,https://twitter.com/metaplex,
NFT,Primary Mint,,,Metaplex,Fixed Price Sale,SaLeTjyUa5wXHnGuewUSyJ5JWZaHwz3TxqUntCE9czo,,
NFT,Primary Mint,,,Metaplex,Candy Gaurd,CSGrdwbJ5z58tLGKjjcmiNMj8bG1Zazthk3cXMrbSZoX,https://twitter.com/metaplex,
NFT,Primary Mint,,,Metaplex,Candy Gaurd,Guard1JwRhJkVH6XZhzoYxeBVQe872VH6QggF4BWmS9g,https://twitter.com/metaplex,
NFT,Primary Mint,,,Metaplex,Token Metadata,metaqbxxUerdq28cj1RbAWkYQm3ybzjb6a8bt518x1s,https://twitter.com/metaplex,
NFT,Staking,,,Cardinal Labs,Cardinal Staking,stkBL96RZkjY5ine4TvPihGqW8UHJfch2cokjAPzV8i,https://twitter.com/cardinal_labs,
NFT,Reward,,,Cardinal Labs,Cardinal Reward,crcBwD7wUjzwsy8tJsVCzZvBTHeq5GoboGg84YraRyd,https://twitter.com/cardinal_labs,
NFT,Burn,,,Sol Incinerator,Sol Incinerator,F6fmDVCQfvnEq2KR8hhfZSEczfM9JK9fWbCsYJNbTGn7,https://twitter.com/SolSlugsNFT,
NFT,Marketplace,,,Tensor,Tensor Bid,TB1Dqt8JeKQh7RLDzfYDJsq8KS4fS2yt87avRjyRxMv,https://twitter.com/tensor_hq,
NFT,Reward,,,Cardinal Labs,Cardinal Reward Distributor,rwdNPNPS6zNvtF6FMvaxPRjzu2eC51mXaDT9rmWsojp,https://twitter.com/cardinal_labs,
NFT,Marketplace,,,Sniper,Sniper,SNPRohhBurQwrpwAptw1QYtpFdfEKitr4WSJ125cN1g,https://twitter.com/solsniperxyz,
NFT,Marketplace,,,Mooar,Mooar,5pBn2Sxa41SUuTxKR8s91kMn9LHptd7Q9AA7nP6mqa4W,https://twitter.com/mooarofficial,
NFT,Marketplace,,,Mallow,Mallow Market,MMA7VebX8Pi5JrrvaTBBm7nW81sfCww7ZtLBBT1YCy8,https://twitter.com/mallow__art,
NFT,Staking,,,Cardinal Labs,Cardinal Stake Pool,2gvBmibwtBnbkLExmgsijKy6hGXJneou8X6hkyWQvYnF,https://twitter.com/cardinal_labs,
NFT,,,,Meegos,Meegos Presale,7cJ6QMwHWZHjh24cqUF45C3VDH9qDMLLfJpGk3dEFDY8,https://twitter.com/MeegosNFT,
Gaming,Marketplace,,,Star Atlas,Galactic Marketplace 2.0,traderDnaR5w6Tcoi3NFm53i48FTDNbGjBSZwWXDRrg,https://twitter.com/staratlas,
Gaming,,,,Star Atlas,Star Atlas Score,FLEET1qqzpexyaDpqb2DGsSzE2sDCizewCg9WjrA6DBW,https://twitter.com/staratlas,
Gaming,,,,Aurory,Aurory Comptoir Program,comp8FLpN5bbNUC2fhnkFtM7T16DWvaHs8N5dcaoZWP,https://twitter.com/AuroryProject,
Gaming,Staking,,,Aurory,Aurory Open Staking V1,STkwf3sbMapjy7KV3hgrJtcVvY4SvRxWQ8pj4Enw1i5,https://twitter.com/AuroryProject,
Gaming,Staking,,,Aurory,Aurory Locked Staking V1,StKLLTf7CQ9n5BgXPSDXENovLTCuNc7N2ehvTb6JZ5x,https://twitter.com/AuroryProject,
Gaming,Staking,,,Aurory,Aurory NFT Staking,EXpwP3pqPzA4arF8i89w7smtvxHzyYETmCpPspLPrR7J,https://twitter.com/AuroryProject,
Gaming,,,,Aurory,Aurory Cashier Program,CAsieqooSrgVxhgWRwh21gyjq7Rmuhmo4qTW9XzXtAvW,https://twitter.com/AuroryProject,
Gaming,,,,Genopets,Genopets Crafting Manager,CrAFTUv7zKXBaS5471aCwHx7mq9Jp1eQQB5FQgdiSLyi,https://twitter.com/genopets,
Gaming,,,,Genopets,Genopets Habitat Management,HAbiTatJVqoCJd9asyr6RxMEdwtfrQugwp7VAFyKWb1g,https://twitter.com/genopets,
Gaming,Staking,,,Genopets,Genopets Staking,StaKe9nb7aUjXpjpZ45o6uJBsZxj2BWCDBtjk8LCg2v,https://twitter.com/genopets,
Gaming,Marketplace,,,Genopets,Genopets Marketplace,srmv4uTCPF81hWDaPyEN2mLZ8XbvzuEM6LsAxR8NpjU,https://twitter.com/genopets,
Gaming,,,,Silicon Valley BONK,Silicon Valley BONK,SVBzw5fZRY9iNRwy5JczFYni2X9aDqur6HhAP1CXX7T,https://twitter.com/bonk_inu,
Gaming,,,,Gamba Labs,Gamba,GambaXcmhJg1vgPm1Gn6mnMKGyyR3X2eSmF6yeU6XWtT,,
Gaming,,,,Star Atlas,SA Golden Age,SAGEqqFewepDHH6hMDcmWy7yjHPpyKLDnRXKb3Ki8e6,https://twitter.com/staratlas,
Gaming,Staking,,,Star Atlas,Claim Stake,STAKEr4Bh8sbBMoAVmTDBRqouPzgdocVrvtjmhJhd65,https://twitter.com/staratlas,
Gaming,Staking,,,Star Atlas,ATLAS Locker,ATLocKpzDbTokxgvnLew3d7drZkEzLzDpzwgrgWKDbmc,https://twitter.com/staratlas,
Gaming,,,,Star Atlas,Faction Enlistment,FACTNmq2FhA2QNTnGM2aWJH3i7zT3cND5CgvjYTjyVYe,https://twitter.com/staratlas,
Gaming,,,,Star Atlas,SAGE: Escape Velocity,TESTWCwvEv2idx6eZVQrFFdvEJqGHfVA1soApk2NFKQ,https://twitter.com/staratlas,
Gaming,Reward,,,Star Atlas,DAO Proxy Rewarder,gateVwTnKyFrE8nxUUgfzoZTPKgJQZUbLsEidpG4Dp2,https://twitter.com/staratlas,
Gaming,Staking,,,Star Atlas,POLIS Locker,Lock7kBijGCQLEFAmXcengzXKA88iDNQPriQ7TbgeyG,https://twitter.com/staratlas,
Gaming,Staking,,,Star Atlas,Atlas Cargo,Cargo8a1e6NkGyrjy4BQEW4ASGKs9KSyDyUrXMfpJoiH,https://twitter.com/staratlas,
Gaming,Staking,,,Star Atlas,Atlas Craft,Craftf1EGzEoPFJ1rpaTSQG1F6hhRRBAf4gRo9hdSZjR,https://twitter.com/staratlas,
Gaming,Staking,,,Star Atlas,Atlas Player Profile,pprofELXjL5Kck7Jn5hCpwAL82DpTkSYBENzahVtbc9,https://twitter.com/staratlas,
Gaming,Fee payer,,,Star Atlas,Fee Payer,APR1MEny25pKupwn72oVqMH4qpDouArsX8zX4VwwfoXD,https://twitter.com/staratlas,
Gaming,Reward,,,Elementerra,Elementerra,ELEMisgsfkmp58w1byRvrdpGG1HcapQoCrmMJeorBCxq,https://twitter.com/elementerra_io,
Wallet,,,,Glow,Glow note,noteD9tEFTDH1Jn9B1HbpoC7Zu8L9QXRo7FjZj3PT93,https://twitter.com/phantom,
Bridge,,,,Wormhole,Wormhole Bridge,worm2ZoG2kUd4vFXhvjh93UUH596ayRfgQ2MgjNMTth,https://twitter.com/wormholecrypto,
Bridge,,,,Wormhole,Wormhole Token Bridge,wormDTUJ6AWPNvk59vGQbDvGJmqbDTdgWgAqcLBCgUb,https://twitter.com/wormholecrypto,
Bridge,,,,Wormhole,Wormhole NFT Bridge,WnFt12ZrnzZrFZkt2xsNsaNWoQribnuQ5B5FrDbwDhD,https://twitter.com/wormholecrypto,
Bridge,,,,Wormhole,Wormhole Relayer,3vxKRPwUTiEkeUVyoZ9MXFe1V71sRLbLqu1gRYaWmehQ,https://twitter.com/wormholecrypto,
Bridge,,,,Allbridge,AllBridge Core,BrdgN2RPzEMWF96ZbnnJaUtQDQx7VRXYaHHbYCBvceWB,https://twitter.com/Allbridge_io,
Bridge,,,,Allbridge,AllBridge Classic,BBbD1WSjbHKfyE3TSFWF6vx1JV51c8msKSQy4ess6pXp,https://twitter.com/Allbridge_io,
Bridge,,,,Mayan Finance,Mayan Swap Bridge,8LPjGDbxhW4G2Q8S6FvdvUdfGWssgtqmvsc63bwNFA7E,https://twitter.com/mayanfinance,
Bridge,,,,Mayan Finance,Mayan Auction,4U6MNAMRbYeTD4HumavhJ1ah9NQ5pNPhTNxcFdeybXFy,https://twitter.com/mayanfinance,
Bridge,,,,Debridge,Debridge,DEbrdGj3HsRsAzx6uH4MKyREKxVAfBydijLUF3ygsFfh,https://twitter.com/deBridgeFinance,
Bridge,,,,Debridge,Debridge Setting,DeSetTwWhjZq6Pz9Kfdo1KoS5NqtsM6G8ERbX4SSCSft,https://twitter.com/deBridgeFinance,
Bridge,,,,Debridge,Dln Source,src5qyZHqTqecJV4aY6Cb6zDZLMDzrDKKezs22MPHr4,https://twitter.com/deBridgeFinance,
Bridge,,,,Debridge,Dln Destination,dst5MGcFPoBeREFAA5E3tU5ij8m5uVYwkzkSAbsLbNo,https://twitter.com/deBridgeFinance,
Payments,,,,Helio Pay,Helio Pay Program 1,ENicYBBNZQ91toN7ggmTxnDGZW14uv9UkumN7XBGeYJ4,https://twitter.com/helio_pay,
Payments,,,,Helio Pay,Helio Pay Program 2,3KPRuKWxV6PtneZXbokMBwdF4T9brCFx7FcmKJ2tPqqt,https://twitter.com/helio_pay,
Payments,,,,Code,Code Splitter,spLit2eb13Tz93if6aJM136nUWki5PVUsoEjcUjwpwW,,
Payments,,,,Code,Code Subsidizer,codeHy87wGD5oMRLG75qKqsSi1vWE3oxNyYmXo5F9YR,,
Payments,,,,Code,Code timelock,time2Z2SCnn3qYg3ULKVtdkh8YmZ5jFdKicnA1W2YnJ,,
Oracle,Price Feed,,,Pyth Network,Pyth Oracle,FsJ3A3u2vn5cTVofAjvy6y5kwABJAqYWpe4975bi2epH,https://twitter.com/PythNetwork,
Oracle,General Feed,,,Switchboard,Switchboard V2,SW1TCH7qEPTdLsDHRgPuMQjbQxKdH2aBStViMFnt64f,https://twitter.com/switchboardxyz,
Oracle,,,,Switchboard,Attestation Program,sbattyXrzedoNATfc4L31wC9Mhxsi1BmFhTiN8gDshx,https://twitter.com/switchboardxyz,
Oracle,Price Feed,,,Tulip Protocol,Pyth Price Feed,5JQ8Mhdp2wv3HWcfjq9Ts8kwzCAeBADFBDAgBznzRsE4,https://twitter.com/TulipProtocol,
DeFi,Staking,,,Pyth Network,Pyth Staking,pytS9TjG1qyAZypk7n8rw8gfW9sUaqqYyMhJQ4E7JCQ,https://twitter.com/PythNetwork,
DeFi,Governance,,,Pyth Network,Pyth Governance,pytGY6tWRgGinSCvRLnSv4fHfBTMoiDGiCsesmHWM6U,https://twitter.com/PythNetwork,
Oracle,General Feed,,,Switchboard,Switchboard Oracle,DtmE9D2CSB4L5D6A15mraeEjrGMm6auWVzgaD8hK2tZM,,
Oracle,General Feed,,,Switchboard,Basic Oracle,EF68PJkRqQu2VthTSy19kg6TWynMtRmLpxcMDKEdLC8t,,
DeFi,AMM,,,Tulip Protocol,V2 Vaults,TLPv2tuSVvn3fSk8RgW3yPddkp5oFivzZV3rA9hQxtX,https://twitter.com/TulipProtocol,
DeFi,AMM,,,Tulip Protocol,V1 Raydium Vaults,7vxeyaXGLqcp66fFShqUdHxdacp4k4kwUpRSSeoZLCZ4,https://twitter.com/TulipProtocol,
DeFi,AMM,,,Tulip Protocol,Saber Vaults,EzSXQ2BXf8m4y4jcQQGeZ6nnwXB3ARXP3YQ5SwjKLj82,https://twitter.com/TulipProtocol,
DeFi,AMM,,,Tulip Protocol,Orca vaults,FoNqK2xudK7TfKjPFxpzAcTaU2Wwyt81znT4RjJBLFQp,https://twitter.com/TulipProtocol,
DeFi,Staking,Farm Staking,,Tulip Protocol,Tulip Staking,stkTLPiBsQBUxDhXgxxsTRtxZ38TLqsqhoMvKMSt8Th,https://twitter.com/TulipProtocol,
DeFi,Lending,,,Tulip Protocol,Tulip Lending,4bcFeLv4nydFrsZqV5CgwCVrPhkQKsXtzfy2KyMz7ozM,https://twitter.com/TulipProtocol,
DeFi,Yield Farming,Farms,,Tulip Protocol,Tulip Farms,Bt2WPMmbwHPk36i4CRucNDyLcmoGdC7xEdrVuxgJaNE6,https://twitter.com/TulipProtocol,
DeFi,RWA,,,Parcl,Parcl V3,3parcLrT7WnXAcyPfkCz49oofuuf2guUKkjuFkAhZW8Y,,
Oracle,Price Feed,,,Parcl,Parcl Pyth,PaRCLKPpkfHQfXTruT8yhEUx5oRNH8z8erBnzEerc8a,,
ZK,Encryption,,,Elusive Protocol,Elusive Protocol,4CgyHKuP6yi1vbmcdsArngEKcETR4nZupqYEMk2hEoQd,https://twitter.com/elusivprivacy,
ZK,Encryption,,,Otter Cash,Otter Cash,otterXYtgZ5DRUGX6JGtcZPg3GoWxEqcLrb9MjeCv3X,https://twitter.com/OtterCashHQ,
ZK,Encryption,,,Light Protocol,Light Protocol V1,2c54pLrGpQdGxJWUAoME6CReBrtDbsx5Tqx4nLZZo6av,https://twitter.com/LightProtocol,
DeFi,DEX,Liquidity,,Monaco Protocol,Monaco Protocol,monacoUXKtUi6vKsQwaLyxmXKSievfNWEcYXTgkbCih,https://twitter.com/MonacoProtocol,
DeFi,DEX,Yield Optimiser,,Hawksight,Hawksight,FqGg2Y1FNxMiGd51Q6UETixQWkF5fB92MysbYogRJb3P,https://twitter.com/hawksightco,
Infrastructure,,,,Neon Labs,Neon EVM,NeonVMyRX5GbCrsAHnUwx1nYYoJAtskU1bWUo6JGNyG,https://twitter.com/Neon_EVM,
DeFi,Lending,,,Jet Protocol,Jet Margin,JPMRGNgRk3w2pzBM1RLNBnpGxQYsFQ3yXKpuk4tTXVZ,https://twitter.com/jetprotocol,
DeFi,Lending,,,Jet Protocol,Jet Airspace,JPASMkxARMmbeahk37H8PAAP1UzPNC4wGhvwLnBsfHi,https://twitter.com/jetprotocol,
DeFi,Lending,,,Jet Protocol,Jet Pool,JPPooLEqRo3NCSx82EdE2VZY5vUaSsgskpZPBHNGVLZ,https://twitter.com/jetprotocol,
Gambling,,,,Gamba Labs,Gamba,Gamba2hK6KV3quKq854B3sQG1WMdq3zgQLPKqyK4qS18,https://discord.com/invite/xjBsW3e8fK,
NFT,,,,LibrePlex,LibrePlex Inscription,inscokhJarcjaEs59QbQ7hYjrKz25LEPRfCbP8EmdUp,https://twitter.com/LibrePlex,
NFT,,,,LibrePlex,LibrePlex,LibrQsXf9V1DmTtJLkEghoaF1kjJcAzWiEGoJn8mz7p,https://twitter.com/LibrePlex,
NFT,,,,LibrePlex,Libre Lquidity,LiquGRWGrp8JKspo8zDDu6qpRmX1p6U3PX2USqiE1eg,https://twitter.com/LibrePlex,
DePIN,,,,Nosana,Jobs Program,nosJhNRqr2bc9g1nfGDcXXTXvYUmxD4cVwy2pMWhrYM,https://twitter.com/nosana_ci,
DePIN,,,,Nosana,Pools Program,nosPdZrfDzND1LAR28FLMDEATUPK53K8xbRBXAirevD,https://twitter.com/nosana_ci,
DePIN,,,,Nosana,Nosana Staking,nosScmHY2uR24Zh751PmGj9ww9QRNHewh9H59AfrTJE,https://twitter.com/nosana_ci,
DePIN,,,,Nosana,Rewards Program,nosRB8DUV67oLNrL45bo2pFLrmsWPiewe2Lk2DRNYCp,https://twitter.com/nosana_ci,
NFT,,compressed NFT,,Underdog,Underdog,updg8JyjrmFE2h3d71p71zRXDR8q4C6Up8dDoeq3LTM,https://twitter.com/backanunderdog,
Creator,,,,Access Protocol,Access Protocol,6HW8dXjtiTGkD4jzXs7igdFmZExPpmwUrRN5195xGup,https://twitter.com/AccessProtocol,
DeFi,Airdrop,,,Streamflow Finance,Streamflow Finance,strmRqUCoQUgGUan5YhzUZa6KqdzwX5L6FpUxfmKg5m,https://twitter.com/streamflow_fi,
Social Platform,,,,Buddy Link,Buddy Link,BUDDYtQp7Di1xfojiCSVDksiYLQx511DPdj2nbtG9Yu5,https://twitter.com/BuddyLinkApp,
DeFi,DEX,,,Sunny,Sunny Redemption,SRDmexy38YTqtCmh7xU2eMFkWweYWF1pqdPyatTF1qP,https://twitter.com/SunnyAggregator,
DeFi,DEX,,,Sunny,Sunny Minter,MNTerkxkpXetKfRSvSxKp54ty3a7M1ZbGTpL285RtDZ,https://twitter.com/SunnyAggregator,
Payments,,,,SwissBorg,SwissBorg,MEXkeo4BPUCZuEJ4idUUwMPu4qvc9nkqtLn3yAyZLxg,https://twitter.com/swissborg,
Name Service,,,,Bonfida,Name Auctioning,jCebN34bUfdeUYJT13J1yG16XWQpt5PDx6Mse9GUqhR,https://twitter.com/bonfida,
Payments,,,,Coinflow,Coinflow,FD1amxhTsDpwzoVX41dxp2ygAESURV2zdUACzxM1Dfw9,https://twitter.com/CoinflowLabs,
Bridge,,,,Hyperlane,Mailbox,Ge9atjAc3Ltu91VTbNpJDCjZ9CFxFyck4h3YBcTF9XPq,https://twitter.com/Hyperlane_xyz,
Bridge,,,,Hyperlane,Collateral,EJqwFjvVJSAxH8Ur2PYuMfdvoJeutjmH6GkoEFQ4MdSa,https://twitter.com/Hyperlane_xyz,
Wallet,,,,Torus Labs,Torus,85iDfUvr3HJyLM2zcq5BXSiDvUWfw6cSE1FfNBo8Ap29,https://twitter.com/TorusLabs,
NFT,,,,Raindrops,Raindrops Item V2,itEm2FtqJWqUmMTYrUxoFcmFtBxEpd68VTmxJamQXA3,https://twitter.com/only_raindrops?lang=en,
DeFi,Lending,,,Larix,Larix Oracle,GMjBguH3ceg9wAHEMdY5iZnvzY6CgBACBDvkWmjR7upS,https://twitter.com/projectlarix,
Music,,,,Audius Project,Audius,DDZDcYdQFEMwcu2Mwo75yGFjJ1mUQyyXLWzhZLEVFcei,https://twitter.com/audius,
Wallet,,,,Clone Protocol,Clone,C1onEW2kPetmHmwe74YC1ESx3LnFEpVau6g2pg4fHycr,https://twitter.com/CloneProtocol,
DeFi,Derivatives,,,Cypher Hunter,PSYOPTIONS EURO,FASQhaZQT53W9eT9wWnPoBFw8xzZDey9TbMmJj6jCQTs,https://twitter.com/PsyOptions,
,,,,,01 Program,Zo1ggzTUKMY5bYnDvT5mtVeZxzf2FaLTbKkmvGUhUQk,,
DeFi,Re-Staking,,,Acumen,Acumen Program,C64kTdg1Hzv5KoQmZrQRcm2Qz7PkxtFBgw7EpFhvYn8W,,
DeFi,Re-Staking,,,Amulet,Amulet's AuwtTokenProgram,9cwdovuEutgqDfJ9gujdRzTPgKkdJ4UNXkDP9wnxeBkM,,
DeFi,Re-Staking,,,Amulet,Amulet's ClaimProgram,85pVrPA2nmgtmCSiisgbxsPC6aQPUJzwqMPVD32PpqYa,,
DeFi,Re-Staking,,,Amulet,Amulet's CoverProgram,8x3i9o22M8tF2SvYgkqUhSZfjKYeKJSi6rPpJnWE99Fi,,
DeFi,Re-Staking,,,Amulet,Amulet's ExchangeRateProgram,EyEA5qYiCfM6yCKGMF1izPRmkVdJPkhvpkm8JNSrwjqB,,
DeFi,Re-Staking,,,Amulet,Amulet's PcuvAssetsProgram,TEMCkeHgxK5EJfmJsSXtwWALXKi3UTitSwGREDXdGoy,,
DeFi,Re-Staking,,,Amulet,Amulet's PoolProgram,8RfV7fpMZFC9cmkq45z3u7vPEhgECZHP5dqfiePrNpaA,,
DeFi,Re-Staking,,,Amulet,Amulet's ProductProgram,HXd8ibaCBdxo9nRDjRk6d3C1jS6KPoWMZSYzdSJA7TRU,,
DeFi,Re-Staking,,,Amulet,Amulet's QuotationProgram,5LJNJevFdTDnCjbAeEFsN2oGSxESBLuSodvdUy5VfBY6,,
DeFi,Re-Staking,,,Amulet,Amulet's SolStakingProgram,AFX6h67CCoqcJcoFbq12dabMLDruQ38U2nogpeU7ECLa,,
DeFi,Re-Staking,,,Amulet,Amulet's SplSolStakingProgram,7mp8BreoYmruCVTB2wGn2mSwYdot2DLDmCPeqEKk1GpL,,
DeFi,Re-Staking,,,Amulet,Amulet's UnderwritingProgram,FVP4fqjp3VHyPgkzjUwjcUcWv2DiYffW4PfbKPz8Tfx3,,
DeFi,Lending,,,Apricot,Apricot Finance Program,6UeJYTLU1adaoHWeApWsoj1xNEDbWA2RhM2DLc8CrDDi,,
DeFi,DEX,Staking,,Atrix,Atrix Finance Pool Program,HvwYjjzPbXWpykgVZhqvvfeeaSraQVnTiQibofaFw9M7,,
Betting,,,,,Aver Core,6q5ZGhEj6kkmEjuyCXuH4x8493bpi9fNzvy9L8hX83HQ,,
Name Service,,,,Bonfida,Bonfida Name Tokenizer Program,nftD3vbNkNqfj2Sd3HZwbpw4BxxKWr4AjGb9X38JeZk,,
DeFi,DEX,Options,,,Cega Program,3HUeooitcfKX1TSCx2xEpg2W31n6Qfmizu7nnbaEWYzs,,
NFT,Marketplace,,,Code Canvas,Code Canvas Program,CoCaSGpuNso2yQP3oqi1tXt82wBp3y78SJDwLCboc8WS,,
Payment,,,,Coinable,Coinable's Program ID,CNBLwonD8EHup87p1SK9dypdj4WasTioWzFZWZVP9vbB,,
DeFi,DEX,Futures,,Cypher,Cypher Liquidity Incentive Program,cLip5AGrwoNJaYxdNicRg6uXMZbVCNGvYPC3rKuyASS,,
Gaming,,,,DeFiLand,DeFiLand Staking Program,KJ6b6PswEZeNSwEh1po51wxnbX1C3FPhQPhg8eD2Y6E,,
Gaming,Marketplace,,,DeFiLand,DeFilLand Marketplace Program,657iw8S9b4BG5Vno91DgJk4bqoH3kzPRopngPG8uxWxg,,
NFT,,,,De Gods,DeGods Bank,6VJpeYFy87Wuv4KvwqD5gyFBTkohqZTqs6LgbCJ8tDBA,,
NFT,Farming,,,De Gods,DeGods Farm,FQzYycoqRjmZTgCcTTAkzceH2Ju8nzNLa5d78K3yAhVW,,
Bridge,Bridge,,,De Gods,DeGods/y00ts Wormhole Bridge,35iLrpYNNR9ygHLcvE1xKFHbHq6paHthrF6wSovdWgGu,,
NFT,,,,Destiny of War,Destiny of War Program,J1wXTXm5azpgdq2K76DYTCrdAcoX9FMWPnJZ3hLgWF3e,,
Social Platform,,,,Dialect,Dialect Program,CeNUxGUsSeb5RuAGvaMLNx3tEZrpBwQqA7Gs99vMPCAb,,
DeFi,DEX,Order Book,,Dradex,Dradex Program,dp2waEWSBy5yKmq65ergoU3G6qRLmqa6K7We4rZSKph,,
DeFi,Derivatives,Perpetual,,Drift,Diff Protocol Cleaning House,dammHkt7jmytvbS3nHTxQNEcP59aE57nxwV21YdqEDN,,
Encryption,,,,Elusive,Elusiv Warden Network,HxCsgxZ8xXX77WGF2xNANbHThKyqZo3Tr1m7L1Vgwqo8,,
Defi,,,,Everland,Everlend General Pool V1,GenUMNGcWca1GiPLfg89698Gfys1dzk9BAGsyb9aEL2u,,
NFT,NFT Lending,,,Frakt,Frakt Trade,BjrMSDAaEvwCq9vxXKcFMNs2dmMt5xR5JpSXm6HHwJvw,,
DeFi,Lending,,,Francium,Francium Lending Reward Program,3Katmm9dhvLQijAvomteYMo6rfVbY5NaCRNq9ZBqBgr6,,
,,,,Friendzy,Friendzy Program,FrenAezyygcqNKaCkYNzBAxTCo717wh1bgnKLqnxP8Cq,,
DeFi,,,,Friktion,Friktion Program,VoLT1mJz1sbnxwq5Fv2SXjdVDgPXrb9tJyC8WpMDkSp,,
,,,,Goblin Gold,Goblin Gold Program ID,GGo1dnYpjKfe9omzUaFtaCyizvwpAMf3NhxSCMD61F3A,,
DeFi,DEX,,,GosseFX,GooseFX Controller,8KJx48PYGHVC9fxzRRtYp4x4CM2HyYCm2EjVuAP4vvrx,,
DeFi,DEX,Lending,,Hedge,Hedge Program ID,HedgeEohwU6RqokrvPU4Hb6XKPub8NuKbnPmY7FoMMtN,,
DeFi,Prediction Markets,,,Hedgehog,Hedgehog Markets P2P,Yb4spZYFpgad4pDvV1mdU7pFU9vQWNeDS4degy7eR1u,,
Bridge,,,,Hyperlane,Hyperlane,RaRe29KoKtQcZLoJfeZzzke1KnuVgFV6Lt6Hnjw2QTh,,
DeFi,DEX,DEX Aggregator,,Jupiter,Jupiter Flash Fill Program,JUPLdTqUdKztWJ1isGMV92W2QvmEmzs9WTJjhZe4QdJ,,
DeFi,DEX,Governance,,Jupiter,Jupiter Governance Program,GovaE4iu227srtG2s3tZzB4RmWBzw8sTwrCLZz7kN7rY,,
DeFi,DEX,Vote,,Jupiter,Locked voter program,voTpe3tHQ7AjQHMapgSue2HJFAh2cGsdokqN3XqmVSj,,
Gaming,,,,Laddercast,Laddercast Program,LCNTy2Q4HsKUecKEETwwzujjbAx9DGFJort8SjGzGFj,,
DeFi,DEX,AMM,,LP Finance,LP Finance TWAMM,TWAPzC9xaeBpgDNF26z5VAcmxBowVz5uqmTx47LkWUy,,
DeFi,DEX,Staking,,LP Finance,LPFinance Staking,HDXUGdC2hJNmwDY8DtfuWumnPyd4u2BvHhrvy5or8BZP,,
DeFi,DEX,Governance,,Mango Markets,Mango Governance,GqTPL6qRf5aUuqscLh8Rg2HTxPUXfhhAXDptTLhp1t2J,,
DeFi,DEX,,,Mango Markets,Mango Program v1,JD3bq9hGdy38PuWQ4h2YJpELmHVGPPfFSuFkpzAd9zfu,,
DeFi,DEX,,,Mango Markets,Mango Program v2,5fNfvyp5czQVX77yoACa3JJVEhdRaWjPuazuWgjhTqEH,,
DeFi,,,,Mean Finance,Mean Finance DDCA Program,3nmm1awnyhABJdoA25MYVksxz1xnpUFeepJJyRTZfsyD,,
DeFi,,,,Mean Finance,Mean Finance IDO Program,4p3C44cNJnCCaeBaKNDi4DbXRgBs7zQDbPhBoqstH2Mv,,
DeFi,,,,Mean Finance,Mean Finance Liquidity Aggregator Program (On-chain),B6gLd2uyVQLZMdC1s9C4WR7ZP9fMhJNh7WZYcsibuzN3,,
DeFi,,,,Mean Finance,Mean Finance MSP V1,H6wJxgkcc93yeUFnsZHgor3Q3pSWgGpEysfqKrwLtMko,,
DeFi,,,,Mean Finance,Mean Finance MSP V2,MSPCUMbLfy2MeT6geLMMzrUkv1Tx88XRApaVRdyxTuu,,
DeFi,,,,Mean Finance,Mean Finance MultiSig Program,FF7U7Vj1PpBkTPau7frwLLrUHrjkxTQLsH7U5K3T3B3j,,
NFT,Primary Mint,,,Metaplex,Metaplex Core,CoREENxT6tW1HoK8ypY1SxRMZTcVPm7R94rH4PZNhX7d,,
NFT,,,,Metaplex,Metaplex Program,p1exdMJcjVao65QdewkaZRUnU6VPSXhus9n2GzWfh98,,
System,SPL,,,SPL,Name Service Program,namesLPneVptA9Z5rqUDD9tMTWEJwofgaYwp8cawRkX,,
DeFi,DEX,AMM,,Nazare,Nazare Program,NAZAREQQuCnkV8CpkGZaoB6ccmvikM8uRr4GKPWwmPT,,
NFT,Marketplace,,,Metaplex,NFT Auction Program,auctxRXPeJoc4817jDhf4HbjnhEcr1cCXenosMhK5R8,,
Social Platform,,,,Only1,Only1 Program,5XDdQrpNCD89LtrXDBk5qy4v1BW1zRCPyizTahpxDTcZ,,
Encryption,,,,Orao,Orao VRF Program,VRFzZoJdhFWL8rkvu87LpKM3RbcVezpMEc6X5GVDr7y,,
Mining,Mining,,,Ore,Ore Miner Program,mineRHF5r6S7HyD9SppBfVMXMavDkJsxwGesEvxZr2A,,
DeFi,Liquidity,,,Parrot,Parrot Program,HajXYaDXmohtq2ZxZ6QVNEpqNn1T53Zc9FnR1CnaNnUf,,
DeFi,DEX,,,Props,PoolProps Program,GrcZwT9hSByY1QrUTaRPp6zs5KxAA5QYuqEhjT1wihbm,,
DeFi,DEX,,,Port Finance,Port Finance Program,Port7uDYB3wk6GJAw4KT1WpTeMtSu9bTcChBHkX2LfR,,
DeFi,DEX,Staking,,PsyOptions,PsyFinance Staking Program,pSystkitWgLkzprdAvraP8DSBiXwee715wiSXGJe8yr,,
DeFi,Derivatives,Options,,PsyOptions,PsyFinance V1 Program,TAPfz9p6pRpeWPqBvZVB58sRqcvX4j6SteZNmyKgV2s,,
DeFi,Derivatives,Options,,PsyOptions,PsyFinance V2 Program,PSYFiYqguvMXwpDooGdYV6mju92YEbFobbvW617VNcq,,
DeFi,Governance,,,PsyOptions,PsyOptions - American Protocol DAO,R2y9ip6mxmWUj4pt54jP2hz2dgvMozy9VTSwMWE7evs,,
DeFi,,,,PsyOptions,PsyOptions - American Protocol Owner,GovHgfDPyQ1GwazJTDY2avSVY8GGcpmCapmmCsymRaGe,,
DeFi,Liquidity Mining,,,Quarry,Quarry Merge Mine,QMMD16kjauP5knBwxNUJRZ1Z5o3deBuFrqVjBVmmqto,,
DeFi,Liquidity Mining,,,Quarry,Quarry Redeemer,QRDxhMw1P2NEfiw5mYXG79bwfgHTdasY2xNP76XSea9,,
DeFi,Liquidity Mining,,,Quarry,Quarry Registry,QREGBnEj9Sa5uR91AV8u3FxThgP5ZCvdZUW2bHAkfNc,,
DeFi,DEX,AMM,,Raydium,Raydium Acceleraytor,9HzJyW1qZsEiSfMUf6L2jo3CcTKAyBmSyKdwQeYisHrC,,
DeFi,DEX,AMM,,Raydium,Raydium Liquidity Pool Program v2,27haf8L6oxUeXrHrgEgsexjSY5hbVUWEmvv9Nyxg8vQv,,
DeFi,DEX,AMM,,Saber,Saber Router Program,Crt7UoUR6QgrFrN7j8rmSQpUTNWNSitSwWvsWGf1qZ5t,,
DeFi,Liquid Staking,,,Sanctum,Sanctum Program,5ocnV1qiCgaQR8Jb8xWnVbApfaygJ8tNoZfgPwsgx9kx,,
DeFi,Lending,,,Scallop,Scallop's Program ID,SCPv1LabixHirZbX6s7Zj3oiBogadWZvGUKRvXD3Zec,,
DePIN,Storage,,,ShdwDrive,Shadow Drive,2e1wdyNhUvE76y6yUCvah2KaviavMJYKoRun8acMRBZZ,,
DeFi,Lending,,,Soda Protocol,Soda Lending Program,Soda111Jv27so2PRBd6ofRptC6dKxosdN5ByFhCcR3V,,
DeFi,Lending,,,Soda Protocol,Soda Proxy Program,Soda2BBinmZtnWPM9UBBaHo7zcgcuxUfSD6ksxdbbGg,,
Payment,,,,,Solana Mobile Payment Gateway,781wH11JGQgEoBkBzuc8uoQLtp8KxeHk1yZiS1JhFYKy,,
Governance,Asset Management,,,Squads,Squads,SQUADSxWKud1RVxuhJzNcqYqu7F3GLNiktGzjnNtriT,,
Governance,Asset Management,,,Squads,Squads Program Manager,SMPLKTQhrgo22hFCVq2VGX1KAktTWjeizkhrdB1eauK,,
Governance,Airdrop,,,Squads,Streamflow MultiSig Program,GfjqZ9MsfqKkEepy8F4xfS9uuxEEQpwWQXKnTKJY5nrG,,
DeFi,Staking,,,Sunrise Stake,Sunrise Stake Program,sunzv8N3A8dRHwUBvxgRDEbWKk8t7yiHR4FLRgFsTX6,,
,,,,,SUNS Program,SUNSHavWiGqWHAeqzobbw9UrjN1jWap6pvpDHBfPLQL,,
Bridge,,,,Swim,Swim Swap Program,SWiMDJYFUGj6cPrQ6QYYYWZtvXQdRChSVAygDZDsCHC,,
NFT,Marketplace,,,Tensor,Tensor Price Lock Program,TLoCKic2wGJm7VhZKumih4Lc35fUhYqVMgA4j389Buk,,
NFT,Primary Mint,,,Metaplex,Token Vault Program,vau1zxA2LbssAUEF7Gpw91zMM1LvXrvpzJtmZ58rPsn,,
,,,,Unique,Unique Club Program,UNQc364EDzKQqfSW1Fnhfam2fvsFGVdVqg77kpBqRSe,,
,,,,Unique,Unique Escrow Program,UNQexJ9r9nooPc8y9cWDWNSXSbz1eyggV7K7szbzsXt,,
,,,,Unique,Unique Governance Program,UNQgUq3jtWnEmQraenUckLda9ueYzNc2uywWVPcMC4D,,
DeFi,Derivatives,Options,,Vyper Protocol,Vyper Core Program,vyPErCcGJKQQBeeQ59gXcWrDyU4vBrq8qQfacwmsAsp,,
DeFi,Derivatives,Options,,Vyper Protocol,Vyper OTC,8aHSkExY28qCvg4gnTLU7y1Ev6HnpJ1NxuWb9XtEesVt,,
NFT,Marketplace,,,Yawww,Yawww Loan,76f9QiXhCc8YLJc2LEE4Uae4Xu3itc3JCGLmup3VQwRH,,
DePIN,Payment,,,Zebec,Zebec Program,AknC341xog56SrnoK6j3mUvaD1Y7tYayx1sxUGpeYWdX,,
Mining,,,,Ore,Ore V2 Program,oreV2ZymfyeXgNgBdqMkumTqqAprVqgBWQfoYkrtKWQ,,
DeFi,DEX,CPMM,,Raydium,Raydium CPMM,CPMMoo8L3F4NbTegBCKVNunggL7H1ZpdTHKxQB5qKP1C,,
DeFi,DEX,Token Launch,,Pump Fun,PUMP FUN,6EF8rrecthR5Dkzon8Nwu78hRvfCKubJ14M5uBEwF6P,,
Gaming,,,,Star Atlas,Sage V2,SAGE2HAwep459SNq61LHvjxPk4pLPEJLoMETef7f7EE,,
DePIN,,,,Hivemapper,Hivemapper,BNH1dUp3ExFbgo3YctSqQbJXRFn3ffkwbcmSas8azfaW,,
System,SPL,,,System,Memo Program,Memo1UhkJRfHyvLMcVucJwxXeuD728EqVDDwQDxFMNo,,
Defi,DEX,,,Stabble,Stabble weighted Swap,swapFpHZwjELNnjvThjajtiVmkz3yPQEHjLtka2fwHW,https://x.com/stabbleorg,
Defi,DEX,,,Stabble,Stabble Swap,swapNyd8XiQwJ6ianp9snpu4brUqFxadzvHebnAXjJZ,https://x.com/stabbleorg,
System,SPL,,,System,Compute Budget,ComputeBudget111111111111111111111111111111,,
System,SPL,,,System,Ed25519 Sig Verify,Ed25519SigVerify111111111111111111111111111,,
System,SPL,,,System,Address Lookup Table,AddressLookupTab1e1111111111111111111111111,,
System,SPL,,,System,BPF Upgradeable Loader,BPFLoaderUpgradeab1e11111111111111111111111,,
Gaming,,,,Star Atlas,Profile Vault,pv1ttom8tbyh83C1AVh6QH2naGRdVQUVt3HY1Yst5sv,,
Betting,,,,Divvy Bet,Divvy Bet,dvyFwAPniptQNb1ey4eM12L8iLHrzdiDsPPDndd6xAR,,
Governance,SPL,,,SPL,SPL Governance,GovER5Lthms3bLBqWub97yVrMmEogzX7xNjdXpPPCVZw,,
System,SPL,,,SPL,Token-2022 Program,TokenzQdBNbLqP5VEhdkAS6EPFLC1PHnBqCXEpPxuEb,,
System,SPL,,,SPL,Token Program,TokenkegQfeZyiNwAJbNbGKPFXCWuBvf9Ss623VQ5DA,,
System,SPL,compressed NFT,,SPL,Account Compression,cmtDvXumGCrqC1Age74AVPhSRVXJMd8PJS91L8KbNCK,,
System,System,,,System,System Program,11111111111111111111111111111111,,
System,SPL,,,SPL,Associated Token Program,ATokenGPvbdGVxr1b2hvZbsiqW5xWH25efTNsLJA8knL,,
DeFi,SolXen,,,SolXen,SolXen Mining Program,B8HwMYCk1o7EaJhooM4P43BHSk5M8zZHsTeJixqw7LMN,https://x.com/mrJackLevin,
Mining,Ore,Ore Mining,,Bee Ore Pool,Bee Ore Pool,7izHHMQNrvCs1WKDn1YQvmd82smDmChzpB9pGynHmgtv,https://github.com/orepool/bee-ore-pool,
Mining,Ore,Ore Mining,,,,orekvh1GFXQ5ySbDVZTko5nD56E7UxSqQJcEQuySYTR,,
DeFi,Mev,,,,,VuA5vNSEy7MxJeRyd5aYsSMwuJ935sq4dQufV9ugaaz,,
DeFi,,,,,,YmirFH6wUrtUMUmfRPZE7TcnszDw689YNWYrMgyB55N,,
DeFi,SolXen,,,SolXen,SolXen Mining Pool 3,DdVCjv7fsPPm64HnepYy5MBfh2bNfkd84Rawey9rdt5S,,
DeFi,SolXen,,,SolXen,SolXen Mining Pool 2,5dxcK28nyAJdK9fSFuReRREeKnmAGVRpXPhwkZxAxFtJ,,
DeFi,SolXen,,,SolXen,SolXen Mining Pool 1,2Ewuie2KnTvMLwGqKWvEM1S2gUStHzDUfrANdJfu45QJ,,
DeFi,,,,Raydium,Raydium ConcentratedLiquiditySwap,AP51WLiiqTdbZfgyRMs35PsZpdmLuPDdHYmrB23pEtMU,,
Mining,Ore,Ore Mining,,,,pGRk96SNWw6sZm7dPvJkPLAqzQ7NUPUANpBVs5vht2c,https://github.com/xintai6660707/ore-mine-pool,
DeFi,,,,,,B4cUJzpPVNKdnjnN7x7MhhXzJT5Z9SpteFp3JK3Y7bow,,
DeFi,,,,,,FebPcUEwaCztVnTUekC8SHV1jdyD2AHyn4CdrQG2dNCG,,
DeFi,,,,,,AnCKmodpxycRZoAFgVwGjWuxP9wJPamghfvUw1fwKdpK,,
DeFi,Mev,,,,,8ttQhToyumxCE8WxJFnjkBcc1HJeEQ249c99Qb8azuYq,https://x.com/TechnoBotSolana,
DeFi,,,,,,98xxnZZR1xHSChfKgzmmj9YZm2rf4Yf2AEDwuVw8sc39,,
DeFi,Mev,,,,,5uDVbEf7GCVMnZqRbxXB82x1dUCGW5Mb4X3qB78m4vza,https://x.com/TechnoBotSolana,
DeFi,Mev,,,,,5UaYn2gNdKcCsuNazjqzDQjUP85ECQsn9c1f4E3RpTRT,https://x.com/TechnoBotSolana,
DeFi,,,,,,LibLZGWthc9u1TxePmuRo87DNdiAwgV8yMXXhGbyu44,,
DeFi,Mev,,,,,6jKe4VcqqTTCKiLoLyd9mycaRpNmzKxbT73MZfDyDdQq,https://x.com/TechnoBotSolana,
DeFi,DEX,,,1Intro,,DEXYosS6oEGvk8uCDayvwEZz4qEyDJRf9nFgYCaqPMTm,https://x.com/1intro,
Mining,Ore,Ore Mining,,Ore,Coal,EG67mGGTxMGuPxDLWeccczVecycmpj2SokzpWeBoGVTf,,
Oracle,,,,Chainlink,Chainlink Oracle,cjg3oHmg9uuPsP8D6g29NWvhySJkdYdAo9D25PRbKXJ,https://x.com/chainlink,
DeFi,Utility,,,,Sequence Enforcer,GDDMwNyyx8uB6zrqwBFHjLLG3TBYk2F8Az4yrQC5RzMp,,
Gaming,,,,Star Atlas,Cargo,Cargo2VNTPPTi9c1vq1Jw5d3BWUNr18MjRtSupAghKEk,,
Gaming,,,,Star Atlas,Profile Faction,pFACSRuobDmvfMKq1bAzwj27t6d2GJhSCHb1VcfnRmq,,
Gaming,,,,Star Atlas,Points,Point2iBvz7j5TMVef8nEgpmz4pDr7tU7v3RjAfkQbM,,
Gaming,,,,Star Atlas,Crafting,CRAFT2RPXPJWCEix4WpJST3E7NLf79GTqZUL75wngXo5,,
Oracle,,,,Pyth Network,Solana Receiver,G6EoTTTgpkNBtVXo96EQp2m6uwwVh2Kt6YidjkmQqoha,,
Oracle,,,,Hubble,Scope Oracle,HFn8GnPADiny6XqUoWE8uRPPxb29ikn4yTuPa9MF2fWJ,,
Oracle,,,,Pyth Network,Wormhole Receiver,HDwcJBJXjL9FpJ7UBsYBtaDjsBUhuLCUYoz3zr8SWWaQ,,
ZK,,,,Light Protocol,Light Registry,Lighton6oQpVkeewmo2mcPTQQp7kYHr4fWpAgJyEmDX,,
ZK,DeFi,,,Light Protocol,Compressed Token,cTokenmWW8bLPjZEBAUgYy3zKxQZW6VKi7bqNFEVv3m,,
ZK,,,,Light Protocol,Account Compression,compr6CUsB5m2jS4Y3831ztGSTnDpnKJTKS95d64XVq,,
Oracle,,,,Pyth Network,Pyth Receiver,rec5EKMGg6MxZYaMdyBfgwp4d5rB9T1VQH5pJv5LtFJ,,
Oracle,Price Feed,,,Pyth Network,Price Feed,pythWSnswVUd12oZpeFP8e9CVaEqJg25g1Vtc2biRsT,,
DeFi,DEX,Limit Order,,Jupiter,Limit Order,j1o2qRpjcyUwEvwtcfhEQefh773ZgjxcVRry7LDqg5X,,
Oracle,,,,Lifinity,Oracle,8BR3zs8zSXetpnDjCtHWnkpSkNSydWb3PTTDuVKku2uu,,
ZK,,,,Light Protocol,System Program,SySTEM1eSU2p4BGQfQpimFEWWSC1XDFeun3Nqzz3rT7,,
DeFi,Staking,Liquid Staking,,Marinade Finance,Validator Bonds,vBoNdEvzMrSai7is21XgVYik65mqtaKXuSdMBJ1xkW4,,
DeFi,,,,DexScreener,Moonshot,MoonCVVNZFSYkqNXP6bxHLPL6QQJiMagDL3qcqUQTrG,https://x.com/dexscreener,
DeFi,Ore,Ore Mining,,,Ore Miner Delegation,J6XAzG8S5KmoBM8GcCFfF8NmtzD7U3QPnbhNiYwsu9we,https://github.com/Kriptikz/ore-miner-delegation,
DeFi,,,,Hawksight,IYF Extension,EZiUb6ydWpR3ciizBTJ1J36KCqLyPKVjh4yZEJbs5Uno,,
Gaming,Bot,DegenCoinFlip,,Web3 Omega,Crash Bot,DEALERKFspSo5RoXNnKAhRPhTcvJeqeEgAgZsNSjCx5E,https://github.com/web3omega/crash-bot/blob/006ca6f94cd6179073d0d49a1803ed4b463760da/README.md,
DeFi,,CLMM,,Cropper Finance,CLMM,H8W3ctz92svYg6mkn1UtGfu2aQr2fnUFHM1RhScEtQDt,,
Oracle,,,,Chainlink,Store,HEvSKofvBgfaexv23kMabbYqxasxU3mQ4ibBMEmJWHny,,
DeFi,Mev,,,,,6m2CDdhRgxpH4WjvdzxAYbGxwdGUz5MziiL5jek2kBma,,
Music,,,,Audius,Listen Count Program,7K3UpbZViPnQDLn2DAM853B9J5GBxd1L1rLHy4KqSmWG,,
Music,Rewards,Staking,,Audius,Staking Bridge,stkB5DZziVJT1C1VmzvDdRtdWxfs5nwcHViiaNBDK31,,
Music,,,,Audius,Payment Router,paytYpX3LPN98TAeen6bFFeraGSuWnomZmCXjAsoqPa,,
Music,,,,Audius,Claimable Tokens,Ewkv3JahEFRKkcJmpoKB7pXbnUHwjAyXiwEo4ZY2rezQ,,
Music,,,,Audius,Eth Registry,5mpjDRgoRYRmSnAXZTfB2bBkbpwvRjobXUjb4WYjF225,,
Music,,,,Audius,Audius Data,8AXXpL8BBTuXDaG8y9xhoJ66Ei5eFAjUEHxJHRPDHiQr,,
DeFi,,,,Drift,JIT Proxy,J1TnP8zvVxbtF5KFp5xRmWuvG9McnhzmBd9XGfCyuxFP,,
DeFi,Mev,,,Eric Ngo (?),,4y2Grm2NQs9ZLvdHyk6rus2GeDxQu3PCdqd491JhXSLX,,ericCQfDQLP1r1aVifKDU4YgAka15pFFkcwBfeGam5k
DeFi,,,,,,5unovYvh1AFf8obYzfAnJ7TCj2Ym3oqnpehkV3z7EYoU,,FsRTFD697oijevGQBzRyEKX2qxc5CLujeJfQhejiqpmd
DeFi,SolXen,,,SolXen,SolXen Minter,EPAdVJ5S317jJr2ejgxoA52iptvphGXjPLbqXhZH4n8o,,
NFT,,,,Metaplex,Token Auth Rules,auth9SigNpDKz4sJJ1DfCTuZrZNSAgh9sFD3rboVmgg,,
DeFi,,,,Jito,Stakenet Steward,Stewardf95sJbmtcZsyagb2dg4Mo8eVQho8gpECvLx8,,
DeFi,,,,Jito,Stakenet History,HistoryJTGbKQD2mRgLZ3XhqHnN811Qpez8X9kCcGHoa,,
DePIN,Governance,,,Helium,Governance,propFYxqmVcufMhk5esNMrexq2ogHbbC2kP9PU1qxKs,,
DeFi,,,,Jupiter,Referral,REFER4ZgmyYx9c6He5XfaTMiGfdLwRnkV4RPp9t9iF3,,
NFT,Marketplace,,,Magic Eden,Marketplace v3,M3mxk5W2tt27WGT7THox7PmgRDp4m6NEhL5xvxrBfS1,,
DePIN,,,,Nosana,Nosana Nodes Program,nosNeZR64wiEhQc5j251bsP4WqDabT6hmz4PHyoHLGD,,
DeFi,Safety,,,Lighthouse,Lighthouse Protocol,L2TExMFKdjpN9kozasaurPirfHy9P8sbXoAN1qA3S95,https://x.com/jacobdotsol,
,,,,,,,,
,,,,,,,,
,,,,,,,,
,,,,,,,,
,,,,,,,,
,,,,,,,,
,,,,,,,,
,,,,,,,,
,,,,,,,,
,,,,,,,,
,,,,,,,,
,,,,,,,,
,,,,,,,,
,,,,,,,,
,,,,,,,,
,,,,,,,,
,,,,,,,,
,,,,,,,,
,,,,,,,,
,,,,,,,,
,,,,,,,,
,,,,,,,,
,,,,,,,,
,,,,,,,,
,,,,,,,,
,,,,,,,,
,,,,,,,,
,,,,,,,,
,,,,,,,,
,,,,,,,,
,,,,,,,,
,,,,,,,,
,,,,,,,,
,,,,,,,,
,,,,,,,,
,,,,,,,,
,,,,,,,,
,,,,,,,,
,,,,,,,,
,,,,,,,,
,,,,,,,,
,,,,,,,,
,,,,,,,,
,,,,,,,,
,,,,,,,,
,,,,,,,,
,,,,,,,,
,,,,,,,,
,,,,,,,,
,,,,,,,,
,,,,,,,,
,,,,,,,,
,,,,,,,,
,,,,,,,,
,,,,,,,,
,,,,,,,,
,,,,,,,,
,,,,,,,,
,,,,,,,,
,,,,,,,,
,,,,,,,,
,,,,,,,,
,,,,,,,,
,,,,,,,,
,,,,,,,,
,,,,,,,,
,,,,,,,,
,,,,,,,,
,,,,,,,,
,,,,,,,,
,,,,,,,,
,,,,,,,,
,,,,,,,,
,,,,,,,,
,,,,,,,,
,,,,,,,,
,,,,,,,,
,,,,,,,,
,,,,,,,,
,,,,,,,,
,,,,,,,,
,,,,,,,,
,,,,,,,,
,,,,,,,,
,,,,,,,,
,,,,,,,,
,,,,,,,,
,,,,,,,,
,,,,,,,,
,,,,,,,,
,,,,,,,,
,,,,,,,,
,,,,,,,,
,,,,,,,,
,,,,,,,,
,,,,,,,,
,,,,,,,,
,,,,,,,,
,,,,,,,,
,,,,,,,,
,,,,,,,,
,,,,,,,,
,,,,,,,,
,,,,,,,,
,,,,,,,,
,,,,,,,,
,,,,,,,,
,,,,,,,,
,,,,,,,,
,,,,,,,,
,,,,,,,,
,,,,,,,,
,,,,,,,,
,,,,,,,,
,,,,,,,,
,,,,,,,,
,,,,,,,,
,,,,,,,,
,,,,,,,,
,,,,,,,,
,,,,,,,,
,,,,,,,,
,,,,,,,,
,,,,,,,,
,,,,,,,,
,,,,,,,,
,,,,,,,,
,,,,,,,,
,,,,,,,,
,,,,,,,,
,,,,,,,,
,,,,,,,,
,,,,,,,,
,,,,,,,,
,,,,,,,,
,,,,,,,,
,,,,,,,,
,,,,,,,,
,,,,,,,,
,,,,,,,,
,,,,,,,,
,,,,,,,,
,,,,,,,,
,,,,,,,,
,,,,,,,,
,,,,,,,,
,,,,,,,,
,,,,,,,,
,,,,,,,,
,,,,,,,,
,,,,,,,,
,,,,,,,,
,,,,,,,,
,,,,,,,,
,,,,,,,,
,,,,,,,,
,,,,,,,,
,,,,,,,,
,,,,,,,,
,,,,,,,,
,,,,,,,,
,,,,,,,,
,,,,,,,,
,,,,,,,,
,,,,,,,,
,,,,,,,,
,,,,,,,,
,,,,,,,,
,,,,,,,,
,,,,,,,,
,,,,,,,,
,,,,,,,,
,,,,,,,,
,,,,,,,,
,,,,,,,,
,,,,,,,,
,,,,,,,,
,,,,,,,,
,,,,,,,,
,,,,,,,,
,,,,,,,,
,,,,,,,,
,,,,,,,,
,,,,,,,,
,,,,,,,,
,,,,,,,,
,,,,,,,,
,,,,,,,,
,,,,,,,,
,,,,,,,,
,,,,,,,,
,,,,,,,,
,,,,,,,,
,,,,,,,,
,,,,,,,,
,,,,,,,,
,,,,,,,,
,,,,,,,,
,,,,,,,,
,,,,,,,,
,,,,,,,,
,,,,,,,,
,,,,,,,,
,,,,,,,,
,,,,,,,,
,,,,,,,,
,,,,,,,,
,,,,,,,,
,,,,,,,,
,,,,,,,,
,,,,,,,,F3S4PD17Eo3FyCMropzDLCpBFuQuBmufUVBBdKEHbQFT
,,,,,,,,
,,,,,,,,7bz2ZNphReLcmwv1tbhG8VnR1RzAzyxPNuKa3s2Jig7j
,,,,,,,,
,,,,,,,,
,,,,,,,,
,,,,,,,,
,,,,,,,,
,,,,,,,,
,,,,,,,,
,,,,,,,,7gZufwwAo17y5kg8FMyJy2phgpvv9RSdzWtdXiWHjFr8
,,,,,,,,9MFvfbUw2GjZAYT63a1KW5tQ3kLMihRGXpPsLNexueAd
,,,,,,,,PgKpWiYFoBQjeuQA3XSozHm74cjKL4Vdmfmx2wksd9a
,,,,,,,,A2Fzq5wdaaNuFXKxupdcmkXLALLc3n5XwJkWBYnSJSwJ
,,,,,,,,FsRTFD697oijevGQBzRyEKX2qxc5CLujeJfQhejiqpmd
,,,,,,,,mQBipzeneXqnAkWNL8raGvrj2c8dJv87LXs2Hn7BeXk
,,,,,,,,9MFvfbUw2GjZAYT63a1KW5tQ3kLMihRGXpPsLNexueAd
,,,,,,,,FsRTFD697oijevGQBzRyEKX2qxc5CLujeJfQhejiqpmd
,,,,,,,,GX1t7qe1AhaVE8k7kw6phgt9YqAr9bh4pFypiGaMCMJz
,,,,,,,,FsRTFD697oijevGQBzRyEKX2qxc5CLujeJfQhejiqpmd
,,,,,,,,FsRTFD697oijevGQBzRyEKX2qxc5CLujeJfQhejiqpmd
,,,,,,,,1337hNWPPF8g8h6sPsni3bSizvYkhqDr81nD9C1EiAjB
,,,,,,,,FsRTFD697oijevGQBzRyEKX2qxc5CLujeJfQhejiqpmd
,,,,,,,,ACbrp1iqAZQZDZa666gwCs8uZjUU4itTKg1g5UcLuWE6
,,,,,,,,tHCCE3KWKx8i8cDjX2DQ3Z7EMJkScAVwkfxdWz8SqgP
,,,,,,,,FJka1yJHn1SWux2X1o8VqHC8uaAWGv6CbNQvPWLJQufq